
Colleen,Joyner,commodo.auctor@elementumat.net,Ap #697-1279 Nullam Road,30,Resident,4,Female
Fay,Parker,augue.ut.lacus@egetvarius.edu,"P.O. Box 234, 6576 Et, Ave",24,Resident,4,Female
TaShya,Atkinson,sem.egestas@urna.com,"6319 At, St.",45,Resident,15,Female
Hiram,Marsh,per.inceptos.hymenaeos@justoPraesent.com,"P.O. Box 382, 5084 Pulvinar Rd.",47,Non-Resident,6,Male
Curran,Shannon,massa@arcu.com,"980 In, Rd.",57,Resident,8,Male
Yolanda,Snyder,ipsum.ac@Sednullaante.org,"P.O. Box 769, 8207 Egestas Avenue",54,Non-Resident,4,Female
Candice,Weaver,ligula@Aenean.ca,"Ap #599-9287 Tellus, Rd.",35,Resident,9,Female
Yoshio,Silva,fames@Cumsociisnatoque.co.uk,Ap #327-6404 Dui St.,19,Resident,4,Male
Ramona,Bowman,dui.Cum@adipiscingnonluctus.co.uk,"P.O. Box 621, 5231 Eros Av.",62,Non-Resident,5,Female
Dominic,Terrell,eget.laoreet.posuere@Ut.com,"P.O. Box 653, 3741 Duis Rd.",46,Resident,13,Male
Rudyard,Duke,congue@consequatpurus.edu,Ap #349-4938 Mauris. St.,25,Resident,8,Male
Macy,Shepherd,in@cursus.org,"Ap #509-8752 Vulputate, Rd.",61,Resident,4,Female
Marvin,Ayala,Nulla.semper.tellus@laciniavitaesodales.co.uk,876-1373 Luctus Av.,61,Non-Resident,16,Male
Leah,Hyde,placerat@CurabiturmassaVestibulum.ca,8691 Praesent Rd.,55,Resident,16,Female
Uriel,Dixon,a.nunc.In@magna.ca,667-571 Scelerisque Av.,70,Non-Resident,8,Male
Octavius,King,ultricies@utnullaCras.com,820 Aenean Street,19,Non-Resident,15,Male
Ethan,Beach,ridiculus@idrisus.com,933-5611 Amet Ave,51,Non-Resident,3,Male
Robin,Merritt,aliquet@variusultricesmauris.ca,581-9065 In Ave,63,Resident,2,Female
Kenneth,Gay,fringilla.est.Mauris@liberonecligula.co.uk,4093 Arcu. Av.,34,Resident,12,Male
Jolie,Holcomb,porttitor@metus.ca,870-9936 Et Avenue,45,Resident,12,Female
Ursula,Massey,laoreet.ipsum.Curabitur@ut.com,235-6101 Lectus. Avenue,20,Resident,6,Female
Phoebe,Farmer,cursus@venenatisvel.co.uk,6904 Libero. Rd.,21,Non-Resident,3,Female
Ursa,Bauer,magna@mauris.co.uk,Ap #813-801 Urna. Road,29,Non-Resident,3,Female
Genevieve,Estrada,lorem.ut.aliquam@Vivamuseuismodurna.net,Ap #382-3200 Aliquam Rd.,53,Resident,15,Female
Salvador,French,malesuada.ut@dignissim.net,2581 Proin Road,40,Resident,20,Male
Quail,Leach,velit.in.aliquet@tortorInteger.org,"P.O. Box 776, 7137 Magna Rd.",67,Non-Resident,6,Female
Finn,Walton,in.consectetuer.ipsum@erat.org,"P.O. Box 814, 1887 Nisl. Street",61,Resident,12,Male
Macy,Morrison,dis.parturient@quistristiqueac.co.uk,1894 Nisi St.,19,Non-Resident,12,Female
Unity,Hopper,mollis@velest.ca,"Ap #284-5120 Eu, Rd.",53,Non-Resident,6,Female
Aiko,Murray,Morbi@justo.org,Ap #229-1454 Et Road,58,Resident,12,Female
Herman,Barlow,Donec@pedeac.com,136-4969 Vitae St.,28,Non-Resident,8,Male
Reed,Ruiz,vel.venenatis@dictum.net,9510 Nisi Street,54,Non-Resident,16,Male
Xandra,Mason,iaculis.odio@molestieintempus.org,7805 Urna. St.,66,Non-Resident,11,Female
Elliott,Guerra,vulputate.dui@Donec.ca,"694-2673 A, St.",27,Resident,1,Male
Kuame,Page,tincidunt.orci.quis@ullamcorperDuiscursus.co.uk,640-1991 Dolor Av.,25,Non-Resident,19,Male
Ora,Bird,nulla.magna.malesuada@elit.net,Ap #106-8250 Integer Road,53,Non-Resident,2,Female
Laura,Russo,sollicitudin.a.malesuada@sit.edu,257-4349 Ante Rd.,26,Non-Resident,2,Female
Graham,Bryan,Morbi.sit.amet@non.edu,Ap #973-9221 Sem Avenue,57,Resident,19,Male
Ali,Benton,at.lacus.Quisque@sem.co.uk,792-8654 Libero Avenue,48,Non-Resident,5,Male
Naida,Hanson,feugiat@egestasFuscealiquet.edu,135-1477 Malesuada Avenue,26,Non-Resident,20,Female
Ian,Oneal,turpis@Phasellusnulla.org,Ap #136-9208 Quisque Avenue,45,Non-Resident,4,Male
Aurelia,Alford,ipsum.non.arcu@volutpatnunc.org,227-2359 Orci St.,53,Resident,17,Female
Ria,Velazquez,Ut@blandit.ca,225-7698 Ut Street,44,Resident,1,Female
Scott,Noel,eleifend.Cras.sed@Cum.com,631-5708 Integer Av.,27,Resident,3,Male
Addison,Faulkner,Ut.sagittis@necmetus.ca,"383-4529 Dui, Av.",42,Resident,9,Male
Clinton,Morrow,sagittis.Nullam.vitae@semelitpharetra.ca,119-5060 Erat Avenue,18,Resident,8,Male
Mollie,Mendez,in@felis.co.uk,1243 Nibh St.,63,Non-Resident,20,Female
Joshua,Madden,eu.accumsan@rutrummagna.ca,Ap #308-7107 Sed Rd.,38,Resident,7,Male
Hamish,Middleton,natoque.penatibus@euneque.co.uk,800-7456 Justo. St.,44,Non-Resident,1,Male
Whilemina,Dodson,ipsum.Donec@sedleo.edu,742-7666 Arcu Street,62,Resident,5,Female
Martin,Mack,eleifend@Vivamussit.com,Ap #170-9532 Imperdiet Street,31,Resident,15,Male
Dalton,Maxwell,orci.quis.lectus@estac.net,557-9140 Lorem Road,19,Resident,15,Male
Keiko,Riggs,mi@enim.net,6364 Sed Avenue,42,Non-Resident,13,Female
Ignatius,Glass,euismod@Fusce.net,"Ap #534-4417 Dui, St.",19,Resident,19,Male
Suki,Castaneda,ac.turpis.egestas@euismodacfermentum.com,Ap #595-886 Eu St.,18,Non-Resident,10,Female
Xena,Anderson,amet.orci.Ut@Ut.co.uk,712-8047 Vivamus Av.,69,Resident,3,Female
Mary,Perkins,cursus.vestibulum.Mauris@nostra.org,612 A Avenue,35,Non-Resident,20,Female
Daquan,Vega,odio.a.purus@a.org,165-9768 Pede. St.,53,Resident,7,Male
Patience,Britt,lacinia.vitae.sodales@mattis.co.uk,"P.O. Box 320, 6054 Quis, Avenue",37,Non-Resident,10,Female
Dakota,Hopper,nascetur@blandit.org,7487 Lorem. Ave,68,Non-Resident,13,Female
May,Finch,habitant.morbi@mollisneccursus.org,Ap #603-7184 Cum Road,40,Non-Resident,16,Female
Emery,Carroll,nonummy@tempor.ca,Ap #631-5035 Mauris St.,69,Non-Resident,17,Male
Miranda,Eaton,libero.Proin@vulputate.edu,"7637 Quis, Ave",55,Non-Resident,10,Female
Teegan,Chambers,libero@tempordiamdictum.net,"P.O. Box 545, 1341 Erat. St.",28,Non-Resident,11,Female
Regan,Mathews,mi.Duis@ac.co.uk,Ap #715-7337 Est Road,26,Non-Resident,9,Female
Tiger,Stokes,semper.et.lacinia@arcuimperdiet.net,Ap #782-5831 Iaculis Ave,36,Resident,5,Male
Dante,Mckenzie,Duis.cursus.diam@pellentesquetellussem.net,"P.O. Box 518, 4859 Lectus. Road",28,Non-Resident,10,Male
Levi,Ferguson,sollicitudin@Duis.net,"P.O. Box 604, 7641 Etiam Rd.",20,Non-Resident,14,Male
Leigh,Mcdaniel,Integer.id.magna@Namporttitor.net,"P.O. Box 505, 7012 Est. Ave",34,Resident,10,Female
Troy,Hill,ac.sem@montes.net,502 Nonummy Street,52,Non-Resident,11,Male
Harriet,Bonner,montes@feugiat.ca,"P.O. Box 403, 3587 Pretium Avenue",39,Non-Resident,11,Female
Griffith,Delacruz,sem.molestie.sodales@etnetuset.com,615-9835 Natoque Ave,25,Resident,15,Male
Brittany,Mcintosh,nunc.ac@luctuslobortisClass.edu,"P.O. Box 940, 851 Luctus Avenue",65,Resident,3,Female
Forrest,Crosby,faucibus@Quisque.org,8944 Cum Ave,51,Resident,11,Male
Charles,Salinas,orci.adipiscing.non@montes.org,Ap #222-3746 Velit. Avenue,22,Resident,20,Male
Heather,Gilmore,volutpat.nunc.sit@acmieleifend.ca,"P.O. Box 265, 6819 Eget Rd.",29,Resident,6,Female
Geraldine,Whitaker,rhoncus@non.net,8188 Ut Av.,50,Non-Resident,18,Female
Mia,Tyler,consequat.dolor.vitae@enimsitamet.edu,749-6825 Id Av.,20,Non-Resident,16,Female
Rhonda,Roberts,mi.enim@Nullamscelerisqueneque.edu,524-9370 Adipiscing St.,40,Non-Resident,12,Female
Deirdre,Haney,pretium@velvenenatisvel.edu,7847 Vestibulum Rd.,44,Non-Resident,11,Female
Martin,Keller,auctor@non.edu,4750 A St.,49,Resident,8,Male
Vance,Jennings,ac.feugiat@rutrumnon.edu,"967-2170 Et, Street",18,Resident,11,Male
Jemima,Sanders,lacus.vestibulum@adui.com,"Ap #780-4741 Placerat, Ave",22,Resident,15,Female
Kyla,Ramos,velit.Aliquam.nisl@Utnecurna.edu,3713 Eu St.,50,Non-Resident,18,Female
Ariel,Shaw,mollis@nibh.co.uk,345-6226 Malesuada Ave,43,Resident,9,Female
Len,Frye,tellus.imperdiet.non@necanteMaecenas.com,359-9293 Purus Avenue,37,Non-Resident,11,Male
Mara,Peck,mus.Proin@ullamcorper.org,460-3558 Etiam St.,49,Non-Resident,8,Female
Caldwell,Byrd,egestas.Aliquam.nec@etultrices.org,8046 Sed Street,40,Non-Resident,8,Male
Hillary,Rivas,senectus.et.netus@bibendumDonecfelis.net,Ap #165-5640 A St.,25,Resident,15,Female
Jamal,Mayo,ante.Nunc.mauris@sit.ca,Ap #125-1979 In Avenue,57,Resident,6,Male
Kylan,Griffith,ipsum.ac@tristiquenequevenenatis.net,Ap #673-4795 Eros. Av.,41,Resident,4,Female
Lydia,Perez,ante.lectus.convallis@facilisiseget.org,"349-3575 Lacus, Avenue",34,Non-Resident,18,Female
Hector,Daugherty,egestas.hendrerit@felis.net,"Ap #785-8850 Convallis, St.",21,Resident,10,Male
Nigel,Bowman,aliquam.iaculis.lacus@estmollisnon.edu,9373 Massa St.,69,Non-Resident,8,Male
Fitzgerald,Conley,eu@sapienimperdiet.net,217-7965 Fusce Street,19,Non-Resident,17,Male
Portia,Swanson,quis.arcu.vel@augueeutellus.com,504-2904 Fringilla Rd.,57,Resident,9,Female
Aladdin,Cantu,Etiam.laoreet@CuraeDonectincidunt.net,"5094 Non, Av.",63,Resident,3,Male
Britanni,Ellis,hendrerit.neque@estac.net,"P.O. Box 461, 2498 Vel, Ave",70,Resident,14,Female
Eric,Holland,penatibus.et@sedturpis.com,454-804 Neque. St.,28,Non-Resident,7,Male
Halla,Meadows,est.Nunc@penatibuset.net,"P.O. Box 664, 9321 Libero. St.",22,Non-Resident,15,Female
Dylan,Cantu,mollis@ipsumCurabiturconsequat.ca,710-5370 Tempor Av.,31,Non-Resident,11,Male
Willa,Wolf,sodales.Mauris.blandit@eleifendnuncrisus.net,798-6918 Nam Ave,53,Resident,16,Female
Geoffrey,Bowen,Proin.sed@fermentumfermentumarcu.net,5701 Pede. Rd.,36,Non-Resident,15,Male
Adara,Byers,Suspendisse.non@diamSed.net,4088 Ultricies St.,22,Non-Resident,2,Female
Rhonda,Booker,erat@Aliquam.org,Ap #633-8755 Pede. Av.,37,Resident,13,Female
Raphael,Burch,luctus.ipsum.leo@infelisNulla.com,4075 In Rd.,51,Resident,17,Male
Emi,Alston,sit.amet.nulla@augueporttitor.net,"P.O. Box 755, 276 Vitae St.",48,Resident,8,Female
Hall,Sparks,at@dolorelit.ca,574-4392 Integer St.,44,Non-Resident,8,Male
Molly,Burnett,lorem.sit@egetvolutpat.ca,"2997 Vitae, Avenue",57,Non-Resident,3,Female
Carter,Harris,eu.eleifend.nec@elementumpurusaccumsan.net,Ap #545-9683 Orci Street,32,Non-Resident,15,Male
Branden,Mooney,rutrum.eu@ornare.ca,"P.O. Box 703, 2530 Sed Rd.",67,Non-Resident,18,Male
Shaine,Nguyen,Proin@necorciDonec.ca,Ap #870-1033 Felis Avenue,38,Resident,6,Female
Yetta,Hancock,cursus.et.eros@Morbi.co.uk,4242 Sapien Rd.,22,Non-Resident,3,Female
Reese,Lewis,neque@Pellentesquehabitantmorbi.net,2132 Pharetra Av.,30,Non-Resident,10,Male
Thane,Grant,sed@hendreritaarcu.ca,6293 Sem. Avenue,65,Non-Resident,19,Male
Rose,Conner,non.lobortis@vitae.ca,813-7783 Eu St.,58,Non-Resident,19,Female
Marsden,Henry,eget.volutpat.ornare@Namporttitor.edu,1015 Nisi Rd.,34,Non-Resident,10,Male
Portia,Good,morbi.tristique.senectus@auguescelerisque.co.uk,"P.O. Box 816, 4273 Sit Street",46,Non-Resident,9,Female
Cheyenne,Horn,vel.arcu.Curabitur@velpedeblandit.co.uk,Ap #860-2456 Velit Road,30,Non-Resident,10,Female
Rooney,Fletcher,risus.Donec@necluctusfelis.com,"3124 Odio, Avenue",53,Non-Resident,8,Male
Cally,Holden,sed@sapienmolestieorci.net,"P.O. Box 772, 4592 Risus. Ave",55,Non-Resident,18,Female
Lacota,Cleveland,dictum.ultricies.ligula@Nullam.ca,438-1458 Odio. St.,32,Non-Resident,20,Female
Maggy,Roberson,urna.Nullam.lobortis@porttitortellusnon.edu,5997 Erat Avenue,29,Non-Resident,14,Female
Boris,Solomon,et.malesuada.fames@antelectusconvallis.edu,888-2967 Aliquam Street,36,Resident,2,Male
Quemby,Acevedo,quam.Curabitur@vitaediamProin.net,"P.O. Box 567, 1290 Imperdiet St.",68,Non-Resident,2,Female
Allen,Roberson,consectetuer.adipiscing.elit@vestibulummassarutrum.net,3910 Eget Avenue,47,Non-Resident,14,Male
Holmes,Allison,neque.pellentesque@blandit.net,Ap #428-5454 Imperdiet Avenue,22,Non-Resident,17,Male
Fritz,Nielsen,eu@ultriciesadipiscing.edu,3550 Interdum Avenue,22,Resident,2,Male
Hakeem,Pena,diam@anteipsum.ca,"P.O. Box 731, 9100 Quis Avenue",54,Resident,14,Male
Ulysses,Delacruz,malesuada.ut.sem@elitelitfermentum.net,Ap #489-1329 Felis Rd.,51,Non-Resident,14,Male
Yoshio,Medina,Nulla@netus.net,523 Eu St.,37,Resident,8,Male
Chase,Odom,nascetur@hendreritconsectetuer.ca,"P.O. Box 851, 9288 Aliquet. Road",35,Resident,8,Male
Tanisha,Mitchell,augue.eu.tempor@Fuscediam.net,330-1275 Non St.,36,Non-Resident,1,Female
Nissim,Reynolds,aliquet@vehicularisusNulla.com,"P.O. Box 747, 4578 Pretium Rd.",45,Non-Resident,18,Male
Karen,Hines,taciti.sociosqu.ad@eutellus.org,Ap #392-2116 Dictum St.,33,Resident,15,Female
Joy,Roach,Nam.tempor.diam@ametmassa.com,791-4673 Adipiscing Ave,65,Non-Resident,12,Female
Kelly,Gilbert,Etiam.imperdiet.dictum@miacmattis.ca,379-1291 Quis Rd.,62,Non-Resident,6,Male
Wyatt,Bray,ultricies@arcuSed.org,"P.O. Box 859, 9089 Blandit Street",64,Non-Resident,2,Male
Libby,Finch,vel.vulputate@tinciduntcongueturpis.net,700-8080 Magna Av.,52,Resident,11,Female
Eagan,Harmon,eu.odio@Aliquam.edu,"P.O. Box 924, 840 Suspendisse St.",33,Resident,8,Male
Gavin,Arnold,suscipit.est@turpisnec.org,248-4597 Tempus Street,66,Resident,5,Male
Mason,Higgins,Morbi.non.sapien@luctusCurabituregestas.com,Ap #917-8304 Euismod Road,43,Non-Resident,18,Male
Josiah,Whitney,diam.eu@dignissimpharetraNam.co.uk,995-9643 Amet Road,25,Non-Resident,9,Male
Mariko,Manning,luctus.et@amet.org,"769-5208 Est, Avenue",70,Resident,1,Female
Cassandra,Savage,sem.ut@nisiMauris.com,"P.O. Box 637, 5654 Nunc St.",43,Resident,16,Female
Margaret,Brock,Mauris@Integervitae.org,Ap #344-3700 Est Street,46,Non-Resident,20,Female
Raja,Martinez,dictum.cursus@utaliquam.co.uk,"P.O. Box 285, 7480 Tortor. St.",37,Non-Resident,19,Male
Brandon,Ross,eu@convallisligulaDonec.co.uk,Ap #931-5369 Sed Road,31,Non-Resident,6,Male
Gary,Hodges,sodales.elit.erat@Integer.org,Ap #525-5458 Lacus Avenue,22,Resident,3,Male
Martin,Green,Mauris.non@nequeseddictum.edu,"P.O. Box 441, 910 Nullam St.",39,Resident,10,Male
Brittany,Atkinson,sed.orci@vitaesodalesat.net,"P.O. Box 396, 5983 Sed St.",19,Non-Resident,9,Female
Porter,Wood,dui.Cum@auctorullamcorpernisl.co.uk,"P.O. Box 206, 3885 Non Ave",70,Non-Resident,9,Male
Yuli,Duffy,Aliquam@augue.co.uk,Ap #794-641 Massa. Rd.,21,Resident,15,Male
Sylvia,Eaton,orci@natoquepenatibuset.com,Ap #324-2164 Id Ave,47,Non-Resident,13,Female
Nora,Higgins,at@erat.com,730-8641 Feugiat Street,33,Non-Resident,15,Female
Cally,Patterson,eu.ultrices@Duis.ca,"P.O. Box 376, 6188 Lacus. St.",65,Non-Resident,20,Female
Owen,Mack,erat.semper@bibendumDonec.org,Ap #519-4456 Cras Rd.,69,Non-Resident,8,Male
Wade,Gonzales,ultrices.Vivamus@nullaInteger.edu,4272 Fusce St.,29,Resident,17,Male
Jackson,Rosario,velit.Sed.malesuada@acfeugiatnon.edu,Ap #414-741 Cursus Street,18,Resident,1,Male
Colt,Todd,sit@scelerisquesedsapien.com,"P.O. Box 586, 5524 Mauris Road",18,Resident,8,Male
Moses,Mosley,eros.non@etnetus.org,3474 Tristique Ave,59,Non-Resident,13,Male
Keane,Chavez,Sed@amet.org,"5618 Dolor, Rd.",38,Resident,18,Male
Brent,Francis,Mauris.vel@fermentumfermentum.net,"P.O. Box 640, 1789 Ac St.",18,Resident,19,Male
Shellie,Dawson,at@sed.ca,"Ap #370-7272 Eget, Ave",41,Resident,3,Female
Kenyon,Vance,et@risus.org,177-9338 Sagittis. Street,62,Resident,6,Male
Timon,Henson,accumsan.laoreet.ipsum@lobortis.edu,Ap #806-8579 At St.,63,Non-Resident,2,Male
Rinah,Juarez,non@aliquamarcuAliquam.ca,224-1173 In Rd.,48,Resident,12,Female
Alfonso,Kelly,Proin@sitamet.edu,"P.O. Box 459, 7423 Nisi St.",57,Non-Resident,15,Male
Jameson,Roth,Vivamus.euismod@gravidamolestiearcu.org,"5218 Elementum, Rd.",65,Resident,9,Male
Rhona,Emerson,mattis.Cras.eget@Morbineque.co.uk,223-4162 Dui Street,64,Resident,7,Female
Dana,Ortega,libero.Morbi@porta.co.uk,"Ap #716-1360 Vitae, Rd.",53,Resident,4,Female
Acton,Marquez,quis.pede.Praesent@mauris.ca,"P.O. Box 529, 8650 Id, Road",45,Non-Resident,6,Male
Colt,Lamb,sem.elit@eu.org,"449-2237 Orci, St.",63,Non-Resident,18,Male
Mariam,Ramirez,Aenean@velvulputateeu.org,Ap #303-4509 Elit Avenue,52,Non-Resident,3,Female
Marcia,Villarreal,scelerisque.lorem@lacus.edu,6137 Nullam Road,56,Non-Resident,2,Female
Macon,Terrell,congue@vitae.com,112-7146 Natoque St.,50,Non-Resident,18,Male
Roth,Finch,Aliquam.nisl.Nulla@Morbi.co.uk,168-8686 Et Road,45,Non-Resident,19,Male
Jasmine,Chambers,velit.egestas@rutrumloremac.com,Ap #161-8368 Metus Avenue,42,Non-Resident,14,Female
Chelsea,Wong,ullamcorper.viverra.Maecenas@lacinia.org,7136 Suspendisse Street,62,Resident,6,Female
Xander,Boyle,eleifend.non@vitaeposuere.ca,937-1274 Adipiscing St.,33,Non-Resident,19,Male
Justine,Gould,nisi.sem@ante.com,"P.O. Box 795, 6824 Ut Rd.",42,Resident,14,Female
Barclay,Cannon,vestibulum.lorem@pedeCrasvulputate.org,"P.O. Box 505, 4078 Ultricies Av.",69,Resident,11,Male
Fleur,Reid,primis.in.faucibus@Aliquam.com,919-3005 Vivamus Av.,54,Resident,17,Female
Chase,Nguyen,lorem.ipsum.sodales@Praesentinterdum.net,7610 Pede Rd.,48,Resident,7,Male
Yoko,Chambers,tristique.pharetra@Aliquam.edu,"P.O. Box 317, 3969 Vulputate Ave",27,Resident,1,Female
Jerome,Valenzuela,Nullam.velit.dui@inconsequatenim.edu,589-9108 Curabitur Avenue,32,Resident,11,Male
Gregory,Snow,pede.nec.ante@consequat.ca,668-1036 Ut St.,60,Resident,12,Male
Karina,Levine,penatibus.et.magnis@tincidunt.co.uk,Ap #518-9425 Dolor St.,65,Resident,20,Female
Desiree,Gordon,sociis.natoque.penatibus@CraspellentesqueSed.edu,5054 Risus. St.,26,Non-Resident,16,Female
Bianca,Stone,pede.nonummy@Cras.net,3629 Sem Ave,30,Resident,12,Female
Kylee,Johnston,Vestibulum.accumsan.neque@justo.edu,107-1438 In St.,36,Non-Resident,10,Female
Jacqueline,Johnson,mi@Pellentesquehabitantmorbi.com,112-5353 Enim Ave,29,Resident,10,Female
Chava,Watts,ridiculus@eratnonummyultricies.com,"Ap #510-486 Auctor, Rd.",31,Resident,5,Female
Fiona,Avery,eget@purusinmolestie.edu,6609 Vulputate St.,62,Non-Resident,17,Female
Signe,Burton,non@ultrices.edu,Ap #141-7315 Consectetuer Av.,61,Non-Resident,14,Female
Hamish,Jacobson,pretium.aliquet@liberoProinmi.org,264-1243 Commodo Street,31,Non-Resident,11,Male
Autumn,Harvey,quam.quis@Donecnibh.net,8606 Sem Ave,58,Non-Resident,12,Female
Macaulay,Gill,mollis@aultriciesadipiscing.org,7254 Eleifend. Rd.,37,Resident,10,Male
Patricia,Price,vehicula@Donec.com,Ap #440-7615 Egestas. Road,39,Resident,1,Female
James,Macias,dolor.Donec.fringilla@semmollisdui.com,"P.O. Box 992, 1903 Eu, Rd.",56,Non-Resident,9,Male
Ivy,Hodge,magna.Duis.dignissim@Phasellusin.net,Ap #451-8208 Venenatis Avenue,18,Non-Resident,13,Female
Lawrence,Jacobs,interdum.Nunc@eu.com,129-2858 Ultrices Street,54,Resident,12,Male
Ferris,Chen,tristique.ac@Maecenasmalesuadafringilla.co.uk,Ap #500-2001 Nulla. Av.,53,Non-Resident,18,Male
Brynne,Mendoza,Donec.at@maurisut.org,238-8894 Luctus Street,68,Resident,16,Female
Brandon,Welch,amet.ultricies@Aeneansedpede.org,"P.O. Box 914, 3109 Aliquet, St.",52,Resident,20,Male
Finn,Chen,Etiam.imperdiet@tristiqueneque.edu,595-8895 Sit Rd.,32,Resident,13,Male
Azalia,Brooks,arcu@cursus.com,"5756 Nec, St.",52,Non-Resident,15,Female
Gabriel,Barber,molestie@Duisac.ca,8908 Sapien. Rd.,57,Resident,14,Male
Mechelle,Davis,condimentum@ac.com,"P.O. Box 276, 5009 Mauris Rd.",20,Non-Resident,5,Female
Amal,Bennett,nisi.a@molestieintempus.net,"P.O. Box 464, 4185 Dignissim Rd.",39,Resident,18,Male
Nelle,Bond,et.magnis@erosProinultrices.ca,Ap #884-366 Nulla St.,68,Non-Resident,14,Female
Daphne,Oneal,ullamcorper@sedpede.org,2248 In Road,62,Non-Resident,19,Female
Nasim,Richmond,tellus.lorem.eu@placerat.com,"P.O. Box 437, 137 Sed Av.",66,Non-Resident,1,Male
Dahlia,Zamora,Duis.volutpat.nunc@eratvel.ca,Ap #289-135 Sagittis. St.,54,Resident,11,Female
Shelly,Barlow,metus.Aliquam.erat@turpisegestasFusce.net,"P.O. Box 879, 8405 A St.",18,Resident,7,Female
Graiden,Valdez,in@tellus.ca,Ap #593-3689 Cursus Avenue,38,Resident,8,Male
Logan,Mullins,eu.turpis.Nulla@arcuVivamus.ca,Ap #220-7249 Ut Avenue,70,Resident,16,Male
Destiny,Weiss,in.aliquet@malesuada.co.uk,Ap #246-7384 Lacus. St.,43,Resident,10,Female
Zorita,Mcintyre,mauris.ipsum.porta@dolornonummyac.com,5874 Sodales St.,56,Resident,3,Female
Nita,Brooks,eu@felis.edu,5079 Interdum Ave,38,Non-Resident,12,Female
Angela,Huff,Ut@InfaucibusMorbi.ca,Ap #786-8237 Morbi Road,19,Resident,2,Female
Risa,Harrell,sit.amet@semelit.edu,773-8776 Tellus Rd.,64,Non-Resident,18,Female
Declan,Mcmahon,dui.Fusce.aliquam@tortorInteger.edu,"P.O. Box 976, 9655 Donec Av.",68,Resident,17,Male
Barbara,Wong,aliquam.adipiscing.lacus@nunc.co.uk,456-7108 Cursus Rd.,62,Resident,7,Female
Lewis,Knight,porttitor.eros.nec@Maecenasiaculisaliquet.co.uk,Ap #621-2369 Sit Ave,67,Non-Resident,1,Male
Hyacinth,Arnold,vitae.mauris@a.co.uk,Ap #735-4430 Egestas. Avenue,26,Non-Resident,7,Female
Ignatius,Roberson,cursus@Sed.org,Ap #242-4898 Risus. Road,45,Non-Resident,10,Male
Aquila,Delaney,eu.metus.In@auctornunc.net,Ap #342-4344 Vel Street,31,Resident,7,Male
Rebekah,Spence,tellus.eu@dolor.edu,"439 Dui, Street",36,Non-Resident,1,Female
Walter,Lang,augue.scelerisque@ametconsectetueradipiscing.net,593-6774 Laoreet Street,29,Resident,16,Male
Isabelle,Phillips,nonummy@liberoProin.ca,5164 Lacus. Rd.,69,Non-Resident,20,Female
Wade,Campbell,tellus.faucibus.leo@turpisegestas.org,"5019 Eu, Road",23,Resident,3,Male
Lacey,Burke,vulputate.risus.a@non.com,"P.O. Box 699, 5730 Risus Rd.",19,Resident,9,Female
Rebecca,Hewitt,Nullam.scelerisque@parturientmontes.com,6035 Ut St.,55,Resident,12,Female
Kaitlin,Franco,metus.urna@ultricesVivamus.co.uk,Ap #460-9157 Ac Street,19,Non-Resident,10,Female
Kessie,Wallace,amet@eutellus.com,Ap #927-5499 Morbi Rd.,42,Resident,15,Female
Bree,Moss,magnis.dis.parturient@mi.net,Ap #449-6752 Tincidunt Ave,46,Resident,10,Female
Ian,Quinn,nec.eleifend.non@interdumlibero.co.uk,"P.O. Box 262, 7444 Magna. Av.",21,Non-Resident,19,Male
Desirae,Obrien,Praesent@acfermentum.edu,947-7367 At Rd.,39,Non-Resident,15,Female
Zeph,Meyers,erat.vel@Aliquam.net,"P.O. Box 606, 8777 Aliquet St.",69,Resident,1,Male
Porter,Kane,Cras.eget@Vivamusmolestiedapibus.net,6306 Ipsum St.,41,Non-Resident,18,Male
Indigo,Howell,aliquet.nec.imperdiet@blanditcongue.net,"P.O. Box 379, 5728 Nec, Rd.",64,Resident,1,Female
Lyle,Roberson,magna.Cras.convallis@nisi.com,Ap #367-8697 Tellus St.,53,Non-Resident,6,Male
Jerome,Delacruz,et.ipsum@Quisque.edu,960-6989 Mattis Avenue,36,Resident,4,Male
Joshua,Bass,dui@inlobortistellus.net,770-1145 Ante Rd.,20,Resident,1,Male
India,Finley,at.auctor@Donec.edu,Ap #906-7552 Vehicula St.,58,Resident,12,Female
Autumn,Nielsen,vel@eu.com,7091 Felis Av.,70,Resident,13,Female
Drake,Oconnor,Nulla.interdum.Curabitur@temporlorem.co.uk,8783 Nunc Ave,44,Resident,10,Male
Alexis,Chapman,dictum@hendreritaarcu.net,348-4291 Natoque St.,63,Non-Resident,5,Female
Mufutau,Middleton,tempor@Namconsequatdolor.net,356-8981 Vel St.,22,Resident,9,Male
Lucian,Bass,euismod@semper.ca,878-861 Ac Street,20,Non-Resident,4,Male
Wilma,Hart,mauris@et.org,6796 Vestibulum. Road,23,Non-Resident,12,Female
Neil,Compton,montes@felisullamcorperviverra.edu,"276-139 Erat, Road",38,Resident,12,Male
Ava,Buckner,Phasellus.in@acfeugiat.com,"860-4163 Nec, Street",42,Non-Resident,7,Female
Hayden,Bray,dictum@ipsum.org,"3622 Id, Rd.",19,Non-Resident,2,Male
Gil,Walker,euismod@nonenimMauris.co.uk,118-5302 Consectetuer Rd.,45,Resident,20,Male
Gretchen,Merrill,feugiat.placerat.velit@SedmolestieSed.co.uk,"409-2261 Orci, Av.",25,Non-Resident,11,Female
Maryam,Powers,elementum.sem.vitae@Pellentesquehabitant.com,357-4626 Duis St.,34,Non-Resident,13,Female
Bradley,Fisher,eget.mollis.lectus@dictum.net,Ap #600-6247 Sagittis St.,23,Resident,18,Male
Rashad,Decker,dapibus@placerataugueSed.ca,"P.O. Box 424, 5601 Libero Av.",58,Resident,4,Male
Gray,Kelly,dolor@Aliquam.edu,"P.O. Box 904, 7915 Consectetuer Street",44,Resident,20,Male
Kane,Kemp,dis.parturient@purus.org,"P.O. Box 253, 3858 Eu Rd.",42,Resident,4,Male
Nissim,Eaton,vulputate.eu@commodoipsum.co.uk,7402 Vestibulum Av.,32,Non-Resident,11,Male
Sybill,Lang,arcu.iaculis.enim@montesnasceturridiculus.net,Ap #340-7223 Vulputate Street,34,Resident,8,Female
Nita,Burke,lorem@Morbi.com,5662 Ornare Street,41,Non-Resident,15,Female
Hayley,Bryan,lorem.ut.aliquam@facilisis.net,478-5590 Nunc St.,61,Non-Resident,13,Female
Cameran,Levy,mollis.Duis.sit@fermentum.net,2254 Quis St.,38,Resident,2,Female
Cleo,Hinton,commodo@vitaemaurissit.com,Ap #397-8209 Proin Ave,61,Resident,8,Female
Phillip,Norton,elementum@dignissim.net,Ap #524-1983 Eros Av.,19,Non-Resident,11,Male
Flynn,Whitfield,egestas@sempertellus.co.uk,"P.O. Box 525, 3471 Eros Ave",44,Resident,2,Male
Phelan,Russell,magna@felisadipiscing.ca,109-8793 Pede Road,55,Resident,9,Male
Griffith,Drake,malesuada@et.ca,6082 Facilisis Av.,23,Resident,16,Male
Curran,Walsh,at.nisi.Cum@Quisquefringillaeuismod.ca,"P.O. Box 281, 3899 Amet Ave",65,Non-Resident,18,Male
Herrod,Macias,ultrices@risusDonec.org,Ap #263-265 Tempus Ave,33,Resident,1,Male
Minerva,Ayala,risus.at.fringilla@sedturpis.com,105-9644 Metus Av.,64,Resident,19,Female
Plato,Bailey,ullamcorper.magna.Sed@lobortisquama.co.uk,138-8668 Sem Road,70,Non-Resident,20,Male
Isabella,Langley,Suspendisse@libero.org,2886 Urna Rd.,34,Resident,4,Female
Desirae,Cooley,adipiscing.elit.Aliquam@ullamcorper.co.uk,296 Quisque Ave,23,Non-Resident,2,Female
Alexis,Henson,accumsan.interdum@sit.org,"312-974 Amet, Rd.",47,Resident,14,Female
Kellie,Yates,pede@vulputatemauris.ca,436-6990 Aliquam Rd.,63,Non-Resident,11,Female
Quail,Stokes,faucibus@nondapibus.ca,Ap #528-9893 Eu St.,66,Non-Resident,16,Female
Rajah,Gentry,lectus.rutrum.urna@egestasSed.edu,1800 Vitae Rd.,26,Non-Resident,15,Male
Kyra,Clayton,Curabitur.massa@nisiCum.org,"Ap #286-1761 Et, Avenue",52,Non-Resident,11,Female
Lydia,Walton,Nullam@mollisvitae.net,759-7678 Proin Rd.,65,Non-Resident,12,Female
Hayden,Jacobs,posuere@tempus.net,222-9724 A Rd.,46,Non-Resident,12,Male
Cade,Mitchell,ut.dolor.dapibus@a.net,593-8033 Id St.,40,Resident,15,Male
Ivana,Pierce,amet.lorem.semper@Aliquamgravida.net,2124 Curabitur Road,32,Resident,12,Female
Rowan,Eaton,magna.a@odio.co.uk,"706-282 Et, Ave",27,Resident,2,Female
Aurelia,White,Curabitur.vel@Aliquamadipiscing.org,853-9947 Feugiat. Street,40,Non-Resident,8,Female
Arsenio,Bennett,fringilla.cursus@velturpisAliquam.org,3543 Duis Av.,27,Non-Resident,6,Male
Britanney,Bates,nascetur.ridiculus@diamvel.com,"P.O. Box 692, 5088 Aliquam Avenue",34,Non-Resident,15,Female
Beatrice,Zamora,massa.Mauris@quispede.com,727-8144 Dolor. Ave,51,Non-Resident,15,Female
Louis,Tanner,pede.et.risus@indolorFusce.com,568-2738 In Rd.,39,Resident,8,Male
Kennedy,Glenn,Mauris.molestie.pharetra@interdumlibero.net,"Ap #994-4107 Vel, Rd.",37,Non-Resident,9,Male
Jasmine,Stark,Fusce.fermentum@nuncsitamet.org,Ap #231-5277 Nec St.,56,Non-Resident,19,Female
Rina,Henry,Cras@estNunc.net,"Ap #797-3729 At, Street",30,Resident,8,Female
Rhona,Landry,quis@ategestas.net,"P.O. Box 336, 7274 Eleifend Rd.",66,Resident,18,Female
Zephr,Holloway,neque.tellus@risus.co.uk,433-1231 Commodo Ave,27,Resident,11,Female
Nomlanga,Peck,velit@quamelementumat.co.uk,3212 Aliquet Ave,22,Non-Resident,20,Female
Rina,Wagner,sem@in.ca,Ap #326-3176 Sed St.,60,Non-Resident,12,Female
Zelenia,Hutchinson,Nullam@semvitaealiquam.ca,"P.O. Box 616, 8678 Ac Av.",55,Resident,17,Female
Nyssa,Jefferson,egestas@Fuscealiquamenim.net,"Ap #679-6401 Ut, Ave",62,Resident,3,Female
Cullen,Whitfield,mauris.Suspendisse@euismodac.ca,"4812 Ultrices, Rd.",34,Non-Resident,5,Male
Branden,Michael,interdum@Integeraliquamadipiscing.org,8065 Vel Rd.,26,Resident,1,Male
Kamal,Fernandez,accumsan.interdum.libero@tempus.net,"P.O. Box 918, 3590 Pellentesque. Street",56,Non-Resident,14,Male
Abraham,Herman,Nam@egestasurnajusto.com,705-4166 Ante St.,60,Non-Resident,20,Male
Adrienne,Bullock,odio.auctor@massaQuisque.org,Ap #127-9374 Nisi. Rd.,70,Non-Resident,11,Female
Allegra,Whitaker,enim@gravidanuncsed.edu,565-9513 Eu Rd.,40,Non-Resident,13,Female
Basia,Ramirez,Mauris@ipsum.ca,Ap #167-3991 Vehicula Ave,45,Resident,13,Female
Candace,Herman,ac.mattis@auctorvitaealiquet.org,8125 Nec Rd.,67,Non-Resident,16,Female
Savannah,Whitehead,sed@sit.org,"586-5322 Ultrices, St.",50,Non-Resident,4,Female
Cameron,Horn,nibh@aliquet.co.uk,Ap #909-5743 Iaculis Av.,53,Resident,12,Male
Burton,Lowery,diam.vel@aliquetmagnaa.edu,"P.O. Box 985, 8280 Eget St.",63,Resident,17,Male
Salvador,Bennett,pede.nec.ante@erat.edu,Ap #147-7757 Malesuada Ave,52,Resident,13,Male
Malik,Edwards,mi.lorem.vehicula@Nulla.net,"P.O. Box 437, 9504 Cras Street",18,Resident,16,Male
Joshua,Frazier,tincidunt.nibh@magnased.ca,"P.O. Box 684, 8450 Vitae, Street",26,Resident,3,Male
Richard,Huff,adipiscing.enim@convallis.net,"P.O. Box 325, 1845 Sagittis St.",24,Non-Resident,16,Male
Kevin,Velasquez,enim.commodo.hendrerit@Curabitur.ca,"141-6576 Lorem, Ave",19,Resident,16,Male
Alfreda,Mullins,dui.Suspendisse@anteMaecenasmi.org,651-6338 Donec Av.,33,Resident,5,Female
Dalton,Gill,Suspendisse.commodo@feugiatSednec.com,789 Mauris Rd.,29,Resident,7,Male
Summer,Ward,aliquam.eu.accumsan@dui.ca,"P.O. Box 328, 1544 Aliquam Av.",22,Resident,18,Female
Serena,Fry,nisi@netuset.org,Ap #399-3152 Metus. Av.,54,Non-Resident,17,Female
August,Long,ac.libero@Aliquamadipiscing.ca,4115 Quisque Rd.,34,Resident,16,Male
Dana,Suarez,posuere@nequeMorbi.com,Ap #412-4034 Placerat. Ave,20,Non-Resident,5,Female
Brody,Shepherd,malesuada.fringilla@adipiscingelit.org,7744 Ac Av.,29,Non-Resident,19,Male
Gavin,Bruce,Integer@Vivamuseuismodurna.net,3588 Orci Street,65,Non-Resident,6,Male
Martin,Harding,mauris.rhoncus@nonbibendumsed.ca,"P.O. Box 283, 6370 Accumsan Road",42,Non-Resident,9,Male
Alfonso,Berg,quis@Nuncullamcorpervelit.co.uk,"P.O. Box 722, 9376 Nec, Rd.",37,Resident,7,Male
Justin,Wallace,mi.ac@pedeultrices.org,6981 Magna. St.,40,Resident,15,Male
Damon,Manning,amet.faucibus@sedsapien.edu,"1993 Et, St.",24,Resident,8,Male
Sara,Sheppard,commodo.hendrerit.Donec@commodoauctor.org,335-5955 Non Rd.,57,Resident,2,Female
Colette,Grimes,ornare.placerat.orci@idmagnaet.edu,"P.O. Box 159, 7178 Mauris St.",58,Resident,11,Female
Ronan,Harmon,torquent@NullaaliquetProin.com,506-5265 Donec Av.,63,Resident,10,Male
Carolyn,Aguilar,lorem.auctor.quis@velarcu.net,465-6183 Semper Road,70,Non-Resident,10,Female
Bernard,Sullivan,Proin@orciDonec.net,2430 Tristique Avenue,38,Resident,19,Male
Yoshio,Blake,non.luctus.sit@nonenimcommodo.edu,"4643 Vulputate, St.",50,Non-Resident,18,Male
Chantale,Shannon,nisi.sem.semper@fermentum.org,"P.O. Box 838, 3251 Penatibus Av.",64,Non-Resident,17,Female
Reed,Dawson,fringilla.purus.mauris@pharetrafelis.edu,"P.O. Box 211, 4486 Erat Street",57,Resident,13,Male
Lucy,Foster,mus.Proin@dolor.co.uk,"P.O. Box 964, 8231 Libero Street",55,Resident,5,Female
Thor,Walsh,velit.egestas@Nullamvitaediam.ca,9937 Neque. St.,22,Non-Resident,1,Male
Amelia,Grant,tellus.imperdiet.non@erat.co.uk,"P.O. Box 298, 4636 Adipiscing, Ave",23,Non-Resident,3,Female
Kiayada,Spears,tempus.non@dictumcursusNunc.com,Ap #863-1518 Ac Road,30,Resident,20,Female
Autumn,Fischer,ornare.elit.elit@porttitorinterdumSed.net,Ap #637-5166 Curae; Rd.,56,Non-Resident,17,Female
Asher,Trevino,adipiscing.elit.Curabitur@magna.net,"P.O. Box 227, 8921 Turpis. Avenue",62,Non-Resident,10,Male
Nelle,Robles,sit@eutellus.com,6050 Enim St.,53,Resident,12,Female
Len,Howard,Duis@tinciduntnibh.ca,431 Eu St.,34,Resident,3,Male
Jordan,Oconnor,Fusce@duiFuscealiquam.co.uk,997-8995 Gravida Ave,28,Non-Resident,19,Male
Zeph,Stephens,Sed.pharetra@idliberoDonec.co.uk,740-5651 Imperdiet St.,41,Non-Resident,1,Male
Noelle,Watkins,nibh.sit.amet@etmalesuadafames.com,"Ap #756-6708 Lobortis, Ave",19,Non-Resident,10,Female
Danielle,Owens,nulla.magna.malesuada@idblanditat.co.uk,"P.O. Box 830, 2724 Dictum St.",50,Non-Resident,8,Female
Byron,Davenport,odio.a@scelerisqueloremipsum.org,Ap #984-9745 Integer Rd.,67,Resident,8,Male
Raven,Joseph,sem.ut.cursus@eueratsemper.net,182-5314 Dictum St.,51,Non-Resident,6,Female
Isabelle,Kent,vitae.risus@feugiatplaceratvelit.org,Ap #960-5528 Gravida Av.,45,Non-Resident,5,Female
Abdul,Larsen,non@orci.edu,2809 Nullam Street,22,Resident,15,Male
Russell,Frost,aliquet.magna@cursus.com,Ap #892-4221 Neque. Avenue,62,Resident,9,Male
Lani,Middleton,a.dui.Cras@utipsumac.com,"P.O. Box 308, 7771 Risus. Ave",39,Non-Resident,6,Female
Christopher,Wiley,vehicula@dis.co.uk,528 Eget Road,28,Non-Resident,5,Male
Claudia,Vazquez,elit@pharetranibh.edu,461-5517 Donec St.,20,Non-Resident,6,Female
Gregory,Cortez,sed@nisl.net,519-8261 Scelerisque Rd.,61,Non-Resident,14,Male
Constance,Ballard,lobortis.augue.scelerisque@elit.org,956 Non Rd.,35,Non-Resident,9,Female
Hadley,Nelson,risus@tinciduntorci.edu,"884-3542 At, St.",59,Resident,7,Female
Hanae,Leon,tincidunt.dui.augue@molestieorcitincidunt.co.uk,8333 In St.,42,Resident,4,Female
Pamela,Whitley,scelerisque.mollis.Phasellus@magnaa.ca,Ap #881-4407 Lectus. Rd.,23,Resident,20,Female
Brenden,Newman,Aliquam.fringilla.cursus@est.edu,Ap #671-8775 Justo Road,31,Resident,6,Male
Jessamine,Foley,enim.diam.vel@enimEtiam.net,Ap #996-876 Quisque Rd.,47,Non-Resident,16,Female
Wanda,Cantu,auctor.ullamcorper@mollisduiin.com,Ap #217-5729 Rhoncus. Rd.,41,Resident,1,Female
Meghan,Cole,luctus@non.edu,453-2373 Sagittis. Street,23,Resident,10,Female
Xander,Koch,interdum.enim.non@vehiculaaliquetlibero.ca,"P.O. Box 695, 8429 Vestibulum, Avenue",27,Non-Resident,19,Male
Lucy,Hogan,Cras.vulputate@ante.edu,"P.O. Box 464, 7791 In Rd.",31,Non-Resident,10,Female
Joseph,Merritt,cursus.luctus@nonmagnaNam.co.uk,4534 Nibh. Rd.,35,Non-Resident,8,Male
Ahmed,Vance,vel.est.tempor@musProin.edu,2429 Enim. St.,25,Resident,11,Male
Austin,Hickman,sodales.purus.in@InfaucibusMorbi.com,952-1518 Nullam Ave,48,Resident,11,Male
Mikayla,Peters,ornare.In.faucibus@leo.com,Ap #291-708 Risus. Avenue,37,Resident,19,Female
Conan,Santana,auctor.ullamcorper@anuncIn.co.uk,Ap #696-9785 Egestas. Ave,54,Resident,20,Male
Savannah,Gaines,Maecenas.libero@euodioPhasellus.com,3615 Sed St.,41,Non-Resident,19,Female
Kelly,Mathis,Donec.egestas@felisorci.edu,"Ap #180-7501 Non, Street",55,Non-Resident,12,Male
Aphrodite,Warren,sit.amet@sem.ca,"942-6548 A, Av.",62,Resident,1,Female
Yuri,Gill,egestas.Sed.pharetra@et.edu,1724 Rutrum Rd.,36,Resident,14,Female
Orlando,Lewis,sed.libero.Proin@ac.edu,"P.O. Box 651, 7210 Fringilla Street",62,Non-Resident,5,Male
Alika,Wilcox,pede@in.ca,101-8362 Eu Road,28,Non-Resident,7,Female
Gary,Heath,orci@musProinvel.edu,"3990 Imperdiet, St.",41,Non-Resident,9,Male
Ferris,Rosales,Aliquam@blanditNamnulla.org,4514 Vitae Rd.,43,Non-Resident,6,Male
Nadine,Sampson,elit.a.feugiat@dignissim.co.uk,Ap #553-2997 Non Street,60,Resident,4,Female
Blake,Sims,semper.auctor@Donecest.edu,3970 Nibh Rd.,21,Resident,1,Male
Burton,Kirby,nunc@Sed.org,"P.O. Box 591, 1729 Pellentesque Rd.",33,Resident,10,Male
Roary,Glover,Nunc.commodo.auctor@Nullamvitaediam.org,"P.O. Box 592, 9088 Eu Rd.",38,Resident,20,Female
Murphy,Hawkins,Aenean@Proinegetodio.edu,4888 Vivamus St.,31,Resident,12,Male
Leo,Delgado,a.auctor@Fuscemollis.com,453-8310 Lacus. Ave,44,Resident,17,Male
Owen,Lowe,augue.Sed.molestie@urnanec.co.uk,8126 Maecenas Street,54,Resident,6,Male
Rudyard,Harrington,sodales@IntegerurnaVivamus.co.uk,9397 Amet Street,66,Resident,18,Male
Jade,Ford,justo@Aliquameratvolutpat.org,861-4447 Dolor Rd.,39,Resident,17,Female
Warren,Neal,non.bibendum@tempordiam.edu,7590 Eu St.,61,Resident,8,Male
Tamara,Puckett,vel@tincidunt.edu,"323-9287 Lectus, St.",61,Resident,12,Female
Sloane,Riddle,lorem.tristique@duinectempus.edu,"P.O. Box 494, 1489 Sem, Street",47,Non-Resident,18,Female
Sonya,Ratliff,feugiat@luctus.com,8439 Parturient St.,60,Non-Resident,12,Female
Hayfa,Camacho,sed.pede.nec@uteros.ca,"P.O. Box 770, 3687 Class Av.",21,Resident,4,Female
Delilah,Romero,risus.at.fringilla@varius.co.uk,8718 Pede Ave,67,Non-Resident,4,Female
Jonah,Finley,penatibus@vitaesodales.edu,995 Praesent Street,25,Resident,3,Male
Melinda,Glass,Nunc@dolorsit.co.uk,"P.O. Box 138, 5432 Tellus. St.",60,Resident,17,Female
Brittany,Carter,parturient.montes.nascetur@lobortis.com,3324 Vehicula. Street,50,Resident,3,Female
Iola,Phelps,ligula@rutrumjustoPraesent.ca,644-9860 Donec Rd.,30,Non-Resident,9,Female
Dana,Cain,ultrices.posuere.cubilia@nullaDonec.ca,3565 Massa. St.,61,Non-Resident,3,Female
Quentin,Dean,eu@a.net,4374 Ipsum Avenue,70,Resident,17,Male
Madeline,Guy,metus.Vivamus@placerataugue.edu,"P.O. Box 998, 5078 Nec, Street",33,Non-Resident,7,Female
Duncan,Bishop,ac.turpis@hendrerita.co.uk,"P.O. Box 176, 1662 Enim. Rd.",19,Non-Resident,9,Male
Wyatt,Workman,sagittis.placerat@famesac.org,"P.O. Box 992, 6133 Nullam St.",62,Non-Resident,1,Male
Griffin,Johnson,rutrum@arcu.net,2547 Ridiculus Road,43,Non-Resident,7,Male
Reece,Fuller,sed@Curabituregestas.com,"P.O. Box 173, 324 Risus. Rd.",65,Resident,5,Male
Jarrod,Shepard,auctor.Mauris@massaInteger.com,Ap #407-1858 Dui. Road,44,Non-Resident,8,Male
Lev,Barr,nec@auctor.co.uk,927-1234 Dapibus St.,36,Resident,20,Male
Chanda,Lambert,fermentum.vel@ametmassaQuisque.ca,"P.O. Box 833, 1465 Nulla Street",36,Resident,10,Female
August,Doyle,sit@lacinia.com,7997 Erat. St.,43,Non-Resident,15,Male
Kim,Buchanan,amet.massa@nislarcuiaculis.ca,453-9436 Dolor St.,22,Resident,12,Female
Maile,Holmes,Aenean.eget.metus@elit.edu,"P.O. Box 748, 2746 Non, Road",68,Resident,18,Female
Ryan,Blake,Proin@nonluctus.org,1386 A Rd.,63,Non-Resident,11,Male
Illiana,Nicholson,Sed.et@metus.org,397-7809 Duis Rd.,27,Resident,14,Female
Oleg,Trevino,nunc@pedeblandit.edu,2173 Nulla St.,25,Resident,3,Male
Levi,Hoffman,tortor.at@fringilla.org,9095 Volutpat Road,61,Resident,19,Male
Xaviera,Mcgee,nunc.risus@tellus.ca,205-9983 Ac St.,20,Non-Resident,10,Female
Vincent,Garrett,lacus.pede.sagittis@sedleo.edu,"P.O. Box 249, 6566 Tristique Street",20,Resident,5,Male
Julian,Quinn,nibh.Aliquam.ornare@sollicitudinorcisem.net,"P.O. Box 735, 1788 Erat Rd.",21,Resident,2,Male
Lila,Sheppard,mi.ac.mattis@dignissimpharetraNam.com,112-9358 Nunc Road,69,Non-Resident,5,Female
Damian,Berger,nec.urna@massaQuisqueporttitor.org,Ap #579-5163 Felis. Rd.,64,Non-Resident,2,Male
Meredith,Mathews,Etiam@imperdiet.com,339-9089 Faucibus Rd.,28,Non-Resident,17,Female
Berk,Neal,feugiat@commodoauctor.ca,269-6034 Gravida Rd.,45,Non-Resident,5,Male
Walker,Wilson,ut@auguescelerisquemollis.org,"Ap #628-7301 Tempor, Av.",68,Non-Resident,8,Male
Madaline,Albert,a.purus.Duis@Maecenas.edu,485-2810 Pede. Rd.,40,Resident,8,Female
Naomi,Livingston,dictum@molestieSed.edu,380 Feugiat Avenue,47,Resident,20,Female
Kelly,Barron,Duis.gravida@odiotristique.edu,6168 Ligula. Ave,24,Non-Resident,8,Female
Ursa,Diaz,sit@adipiscing.co.uk,"P.O. Box 660, 9846 Fringilla. Rd.",61,Non-Resident,5,Female
Allen,Byers,egestas@convallisdolorQuisque.org,4388 Ac Rd.,54,Non-Resident,7,Male
Zorita,Barnes,Integer.vulputate@enimSednulla.ca,Ap #115-3684 Cras Rd.,41,Non-Resident,1,Female
Cherokee,Hays,arcu.Morbi.sit@In.ca,"P.O. Box 950, 7261 Penatibus Rd.",33,Resident,13,Female
Tara,Haynes,urna.Vivamus@Aliquamerat.co.uk,6490 Erat Street,47,Resident,12,Female
Benedict,Ortega,auctor@luctusutpellentesque.net,"Ap #150-2086 Scelerisque, Rd.",50,Resident,14,Male
Merrill,Cohen,vel.vulputate@placerat.org,409-4627 Ac Ave,24,Non-Resident,2,Male
Caldwell,Fitzpatrick,risus.odio@placerat.net,Ap #391-1284 Ac Av.,36,Non-Resident,14,Male
Michael,Murray,Sed.molestie.Sed@Duis.net,917-4354 Dui. Rd.,58,Resident,10,Male
Dylan,Case,egestas.Aliquam.nec@orciconsectetuer.net,Ap #923-5502 Dictum St.,32,Resident,17,Male
Kennan,Olson,molestie@risusaultricies.ca,7421 Sed St.,55,Non-Resident,17,Male
Hayfa,Baker,elit.dictum@pedesagittisaugue.co.uk,"5456 Vitae, Av.",58,Resident,10,Female
Karleigh,Levine,arcu.Sed@Fuscediam.co.uk,"587-6586 Risus, Av.",56,Resident,9,Female
Mason,Leon,pede.malesuada@ultricessit.com,968 In St.,65,Non-Resident,18,Male
Graiden,Mcdonald,aliquet.nec@afeugiat.co.uk,Ap #752-2818 Leo. Avenue,49,Non-Resident,9,Male
Mechelle,Andrews,elit.pede.malesuada@nonluctus.com,"P.O. Box 279, 9577 Nisi. Road",52,Non-Resident,12,Female
Callie,Gentry,lorem.ut@egestasnunc.ca,"604 Ornare, Street",30,Non-Resident,2,Female
Elton,Christian,commodo.tincidunt@euismodindolor.net,409-3638 Ac St.,64,Non-Resident,9,Male
Allistair,Nichols,Curabitur.massa@magnanec.edu,9144 Dolor Av.,41,Resident,10,Male
Christian,Harding,pellentesque.tellus@sodaleseliterat.edu,991-4375 Neque. Av.,40,Non-Resident,17,Male
Hayfa,Patterson,Nulla.eu.neque@erosProinultrices.net,Ap #208-9256 Integer Road,61,Non-Resident,5,Female
Fritz,Nelson,amet@cursusinhendrerit.ca,282-9188 Dui. Street,54,Non-Resident,9,Male
Calvin,Yang,pharetra.Quisque@tellus.ca,147-7357 Suspendisse St.,29,Resident,3,Male
Cherokee,Hess,ante@liberoatauctor.ca,520-8414 Mollis Rd.,63,Resident,11,Female
Stone,Webster,ut.mi@eros.edu,Ap #542-7226 Tristique Street,25,Non-Resident,15,Male
Tyler,Moore,fermentum.fermentum.arcu@amet.edu,"1000 Vel, Av.",59,Resident,4,Male
Macon,Kane,magna.Phasellus@auctorodio.net,864-2735 Aliquet Road,19,Resident,19,Male
Lila,Estes,a.purus.Duis@utpellentesqueeget.co.uk,241-822 Tincidunt Rd.,65,Non-Resident,20,Female
Zenaida,Fowler,mi.eleifend@Duismi.co.uk,"P.O. Box 426, 7269 Sed Street",62,Non-Resident,20,Female
Wesley,Gross,mattis.ornare.lectus@augueeu.edu,"6485 Tincidunt, Ave",47,Non-Resident,8,Male
Perry,Acevedo,Nam.ligula@egestasascelerisque.org,169-2182 Mollis Avenue,44,Non-Resident,7,Male
Graham,Watkins,eu.nulla.at@Vestibulum.co.uk,"P.O. Box 756, 7391 Dui, Street",64,Non-Resident,17,Male
Dylan,Graham,sed@lorem.ca,"Ap #442-9741 Lorem, Rd.",26,Resident,11,Male
Jared,Grimes,felis@duiCum.com,Ap #329-5761 Libero Rd.,43,Resident,14,Male
Brielle,Warren,luctus@tristiquesenectus.net,536-1370 Ac Rd.,63,Non-Resident,9,Female
Tallulah,Rojas,lorem.semper.auctor@Pellentesqueultricies.co.uk,Ap #603-8848 Arcu Avenue,30,Non-Resident,8,Female
Haviva,Pratt,aptent.taciti@velit.edu,695 Interdum Street,24,Resident,17,Female
Aimee,Hurst,Nunc.ut.erat@Mauris.net,"P.O. Box 684, 2381 Nullam Rd.",25,Resident,6,Female
Mason,Elliott,orci.Ut@consectetueradipiscingelit.ca,8077 Mus. Avenue,43,Non-Resident,19,Male
Stewart,Glenn,blandit.congue.In@Nuncsed.org,284-2459 Sem St.,45,Resident,11,Male
Shafira,Cole,eget.venenatis.a@mitempor.net,686-7767 Ultricies Rd.,40,Non-Resident,13,Female
Sara,Gibbs,Praesent.eu.nulla@semconsequatnec.co.uk,Ap #154-7912 Netus Rd.,25,Resident,6,Female
Allistair,Waters,sodales@purus.edu,"P.O. Box 729, 2373 Donec Road",65,Non-Resident,1,Male
Amber,Joyner,Duis.ac.arcu@mattisInteger.net,"P.O. Box 792, 6689 Libero St.",40,Non-Resident,6,Female
Bradley,Lindsay,a.scelerisque.sed@est.net,1876 Aliquam Rd.,60,Non-Resident,18,Male
Morgan,Slater,a.feugiat.tellus@diam.com,"P.O. Box 958, 3794 Volutpat. Rd.",65,Resident,17,Female
Perry,Johnson,tristique.ac.eleifend@duiFusce.ca,"Ap #769-3635 Ante, St.",46,Non-Resident,3,Male
Violet,Pitts,diam.dictum@justoeu.net,"P.O. Box 996, 2219 Fermentum Street",40,Resident,13,Female
Melyssa,Robertson,scelerisque.lorem.ipsum@loremvitae.edu,"8112 Eu, St.",37,Resident,18,Female
Merritt,Hogan,tincidunt.aliquam.arcu@fermentummetusAenean.co.uk,420-6227 Eros Road,61,Non-Resident,19,Male
Hunter,Wooten,egestas@ipsum.edu,5362 Mi St.,41,Resident,5,Male
Keely,Perry,blandit.enim.consequat@malesuadavelconvallis.com,3047 Mi Av.,52,Resident,13,Female
Robert,Pearson,tincidunt.tempus.risus@eu.net,958-6515 Pretium St.,52,Resident,4,Male
Genevieve,Clay,Quisque.imperdiet@necurna.co.uk,8728 Gravida St.,36,Non-Resident,9,Female
Logan,Huffman,Duis@lacusQuisque.net,"962-3568 Elit, Rd.",49,Non-Resident,19,Male
Jasper,Shields,faucibus@senectus.co.uk,"3375 Eu, Rd.",30,Resident,2,Male
Carlos,Hill,facilisis@orciquis.net,5656 Nunc Avenue,24,Non-Resident,16,Male
Gannon,Mayer,penatibus@etmagnis.org,"P.O. Box 440, 3332 Nascetur Street",57,Resident,8,Male
Bruno,Gilmore,ipsum.non@semperrutrum.co.uk,Ap #460-4905 Ultricies Rd.,18,Non-Resident,4,Male
Willa,Beck,est.mollis@nequeIn.com,"P.O. Box 695, 1676 Sagittis Ave",55,Non-Resident,12,Female
Lewis,Randall,Nullam.nisl@eu.edu,Ap #337-5187 Turpis Ave,35,Non-Resident,9,Male
Kareem,Kinney,leo.elementum@iderat.co.uk,Ap #363-9792 Nulla Ave,65,Non-Resident,20,Male
Quinn,Haynes,id.erat.Etiam@quamCurabitur.ca,175-2282 Orci Street,59,Resident,12,Male
Alden,Mcclure,interdum@ligula.ca,Ap #369-9218 Nulla Street,43,Resident,9,Male
Dominic,Sears,pede@nonante.edu,4052 Donec Av.,56,Resident,7,Male
Benedict,Vance,Aenean.eget.metus@magnanec.com,"P.O. Box 354, 1037 Nec St.",54,Resident,9,Male
Carly,Graves,est.mauris.rhoncus@pedePraesenteu.com,Ap #259-3122 Phasellus St.,41,Resident,9,Female
Brittany,Barlow,volutpat.Nulla.facilisis@mi.net,5392 Pellentesque Rd.,46,Non-Resident,20,Female
Amity,George,dui.Cras@porttitorinterdumSed.com,Ap #920-3144 Morbi Street,20,Resident,13,Female
Rowan,Rivera,dictum.eu@Phaselluselit.net,598-5687 Nibh. Rd.,38,Resident,5,Female
Sharon,Bray,metus.In@atvelitPellentesque.co.uk,862 Lectus St.,28,Non-Resident,11,Female
Peter,Price,luctus.et.ultrices@dictum.ca,1683 Augue Road,52,Resident,6,Male
Anne,Charles,egestas@odioauctorvitae.com,3454 Euismod Av.,32,Resident,5,Female
Wesley,Craig,luctus@malesuada.co.uk,2066 Porttitor Road,20,Non-Resident,6,Male
Jillian,Frye,ipsum.sodales@feugiat.edu,Ap #823-6169 Et Ave,62,Resident,1,Female
Prescott,Shepard,amet.ornare.lectus@nostraper.org,605-9655 Nisl. Road,68,Resident,2,Male
Scarlett,Sawyer,Nunc.commodo.auctor@ipsum.net,646-9499 Pede. St.,21,Non-Resident,2,Female
Althea,Griffith,Donec.at@velitegestas.ca,"7842 Lectus, Avenue",38,Resident,9,Female
Philip,Simon,ante.ipsum.primis@nullaanteiaculis.co.uk,Ap #631-6521 Ipsum St.,41,Non-Resident,1,Male
Omar,Alexander,dis@elit.edu,"P.O. Box 665, 6616 Et, Rd.",36,Resident,11,Male
Nicole,Zamora,Nunc.sollicitudin.commodo@quistristiqueac.net,"P.O. Box 663, 537 Arcu Road",19,Non-Resident,5,Female
Thane,Gaines,Curae@natoque.com,"P.O. Box 277, 2286 Tellus Av.",24,Resident,19,Male
Bernard,Grant,enim.commodo@mauriseu.edu,6223 Ornare St.,49,Non-Resident,11,Male
Erica,Salinas,lorem@egestasFuscealiquet.net,299 Magna Road,26,Non-Resident,6,Female
Mechelle,Simmons,egestas@nostra.co.uk,"932-9632 A, St.",66,Non-Resident,16,Female
Jasper,Albert,sed@SuspendissesagittisNullam.net,"P.O. Box 315, 6382 Vestibulum Avenue",57,Resident,10,Male
Caryn,Chandler,et@Suspendisse.ca,Ap #559-9568 Lorem Ave,25,Resident,8,Female
Levi,Wiggins,fermentum.vel@aliquetlobortisnisi.com,"P.O. Box 325, 2091 Duis Ave",35,Resident,14,Male
Blossom,Simpson,Nullam.enim.Sed@feugiat.edu,826-1504 Parturient Road,55,Non-Resident,17,Female
Kylynn,Fox,Quisque@rutrumeuultrices.ca,4021 Lorem Ave,56,Non-Resident,3,Female
Buffy,Cote,ac.arcu.Nunc@rhoncusProinnisl.ca,Ap #605-4374 Nascetur Ave,61,Non-Resident,12,Female
Ivan,Williams,a.magna.Lorem@purusin.co.uk,8258 Sem Road,28,Non-Resident,3,Male
Keegan,Morton,Duis.volutpat.nunc@sociis.net,7175 Fringilla Road,38,Non-Resident,12,Male
Hedy,Spence,sed.est.Nunc@ullamcorper.edu,Ap #710-5913 Donec St.,31,Non-Resident,8,Female
Kenyon,Hubbard,turpis.vitae.purus@faucibus.com,Ap #145-3766 Massa. Street,69,Resident,16,Male
Nash,Anderson,pede.sagittis@Duis.co.uk,"P.O. Box 958, 1808 Consequat Avenue",20,Non-Resident,6,Male
Xaviera,Dennis,Integer.in.magna@Aliquamultricesiaculis.edu,"P.O. Box 517, 2480 Tristique Avenue",67,Resident,17,Female
Colorado,Newman,aptent.taciti@sedsapien.ca,Ap #901-5530 Morbi Street,18,Resident,13,Male
Aquila,Cook,Donec@etipsumcursus.ca,"P.O. Box 778, 5872 Sapien, St.",52,Non-Resident,11,Male
Kirsten,Faulkner,vulputate@ornarelectus.com,117-5292 Malesuada. Street,59,Non-Resident,12,Female
Jayme,Randall,ut.nulla.Cras@netuset.com,"P.O. Box 313, 7838 Lobortis. Road",32,Non-Resident,16,Female
Jayme,Jenkins,nulla.Donec@acipsumPhasellus.net,"P.O. Box 502, 2111 Et Av.",61,Non-Resident,1,Female
Iliana,Giles,Integer.aliquam@idmagna.co.uk,Ap #158-750 Metus Street,22,Non-Resident,2,Female
Christopher,Carpenter,et.rutrum@ettristiquepellentesque.co.uk,"P.O. Box 657, 9107 Nec, Ave",46,Non-Resident,3,Male
Duncan,Williams,Curabitur@Aeneansed.edu,9603 Porttitor St.,62,Non-Resident,7,Male
Tyler,Ryan,Maecenas.mi@felisullamcorperviverra.net,Ap #892-4543 Dolor Ave,54,Resident,1,Male
Nell,Herring,Etiam.laoreet@ligula.net,4393 Ipsum Rd.,62,Resident,2,Female
Yvette,Parsons,a@justo.net,"P.O. Box 736, 753 Sed Rd.",70,Resident,11,Female
Clark,Cohen,montes.nascetur.ridiculus@afelis.ca,1844 Amet Ave,35,Non-Resident,11,Male
Sharon,Randolph,dolor.quam.elementum@velit.co.uk,960 Sagittis Road,52,Non-Resident,13,Female
Eleanor,Hester,nunc@ami.net,Ap #262-5844 In Av.,50,Non-Resident,13,Female
Cherokee,Cox,rutrum.non@sodalespurus.com,"P.O. Box 565, 2773 Nam St.",57,Resident,20,Female
Keegan,Blevins,et@consectetueradipiscingelit.ca,"375-489 Ut, Road",33,Resident,6,Male
Travis,Greer,neque.et@montes.ca,Ap #892-7320 Curae; Street,61,Non-Resident,4,Male
Hadley,Odom,pharetra@in.co.uk,Ap #979-6023 Dui Rd.,67,Resident,10,Female
Fritz,Frederick,feugiat.nec.diam@Sedmolestie.net,Ap #805-8481 Cras Rd.,27,Non-Resident,15,Male
Gareth,Farrell,amet.ornare.lectus@fringilla.edu,1627 Quam. St.,27,Non-Resident,7,Male
Isaac,Browning,Praesent@pretiumneque.org,"Ap #894-1202 Rutrum, Rd.",32,Resident,13,Male
Jessica,Webb,Cras@laoreetlibero.edu,"P.O. Box 373, 3532 Tincidunt Ave",29,Resident,20,Female
Magee,Gross,in@nibhsitamet.ca,Ap #713-5065 Vestibulum Road,22,Non-Resident,7,Male
Farrah,Golden,enim.gravida.sit@congueturpisIn.edu,Ap #379-4576 Non Ave,22,Resident,19,Female
Nehru,Cameron,mauris.blandit.mattis@porttitorvulputateposuere.edu,965-8779 Enim Ave,51,Non-Resident,12,Male
Baker,Robinson,ipsum@anunc.edu,Ap #348-2384 Sem Rd.,41,Resident,14,Male
Joel,Weber,non.leo.Vivamus@nislNullaeu.edu,"P.O. Box 106, 8659 Semper Road",24,Resident,16,Male
Eagan,Rowland,vel@estmollisnon.edu,"P.O. Box 678, 4637 Duis Road",30,Non-Resident,20,Male
Zane,Burks,natoque.penatibus@varius.com,Ap #165-4327 Ullamcorper St.,40,Non-Resident,3,Male
Myra,Price,Quisque.varius.Nam@inconsequat.net,"P.O. Box 769, 242 Arcu. Ave",66,Non-Resident,3,Female
Noah,Mcfadden,Aliquam@anteNunc.edu,964-3755 Nec Rd.,31,Non-Resident,19,Male
Uta,Dillon,nunc@in.edu,1129 Felis Rd.,60,Non-Resident,6,Female
Chester,White,et.magna.Praesent@placerat.net,253-4465 Posuere Street,34,Non-Resident,1,Male
Dale,James,sed.facilisis@justonecante.co.uk,1889 Magnis Avenue,20,Resident,7,Male
Aiko,Hunter,nisi@Sedeu.co.uk,8493 Vehicula Ave,20,Non-Resident,6,Female
Jescie,Roach,vel@quisarcu.com,"7312 A, Rd.",70,Resident,5,Female
Minerva,Bishop,vehicula.risus@dapibus.co.uk,"P.O. Box 178, 6459 Facilisis. Rd.",37,Resident,18,Female
Quail,Benton,est@urnanecluctus.co.uk,Ap #156-3505 Aenean Avenue,69,Resident,12,Female
Raymond,Dyer,gravida@faucibusut.org,Ap #311-462 Quam St.,32,Resident,19,Male
Quin,Giles,aliquet.libero.Integer@fringillaporttitor.org,640-6238 Sed Road,57,Non-Resident,10,Female
Julian,Rivers,ultricies@ac.org,685-9347 Feugiat Street,40,Non-Resident,2,Male
Jonas,Walker,scelerisque@anteipsumprimis.co.uk,"P.O. Box 811, 9863 Morbi Rd.",28,Resident,5,Male
Ori,Talley,mauris@diam.edu,"P.O. Box 839, 7863 Lacus, Street",46,Non-Resident,8,Female
Burton,Grimes,mauris.ut.mi@utpellentesqueeget.net,"P.O. Box 142, 9339 Tincidunt Ave",51,Resident,16,Male
Reagan,Lloyd,In.mi@scelerisque.ca,Ap #475-541 Duis Rd.,40,Non-Resident,8,Female
Hadley,Duke,consequat.dolor.vitae@idmagna.org,362-2170 Nonummy Road,36,Resident,9,Female
Aubrey,Cannon,vel.turpis@duiSuspendisseac.co.uk,214-4486 Nullam Rd.,57,Resident,17,Female
Merritt,Cain,quis.urna@Nam.org,Ap #861-3060 Sed Rd.,26,Non-Resident,1,Male
Selma,Booker,quam@Curabiturdictum.edu,"P.O. Box 334, 618 Augue. Street",18,Non-Resident,7,Female
Emma,Battle,Donec.dignissim.magna@fermentumfermentumarcu.ca,9482 Adipiscing Rd.,59,Resident,10,Female
Wang,Collins,rutrum.Fusce@malesuadafamesac.com,7881 Pellentesque St.,66,Non-Resident,8,Male
Salvador,Monroe,pellentesque.eget@Donecvitae.net,"590-9516 In, St.",30,Resident,13,Male
Oscar,Bernard,ac.metus@luctusaliquet.ca,1565 Nec St.,67,Non-Resident,20,Male
Alea,Hahn,consectetuer.euismod.est@disparturientmontes.org,"P.O. Box 659, 2527 Velit. St.",42,Resident,16,Female
Dennis,Roth,malesuada.ut@elementumlorem.co.uk,3671 Adipiscing Rd.,45,Non-Resident,2,Male
Camilla,Key,nec@tempordiam.org,"P.O. Box 403, 9041 Laoreet Road",55,Non-Resident,16,Female
Celeste,Richards,Curabitur.ut@lectus.edu,4222 Risus Ave,35,Non-Resident,7,Female
Laith,Reeves,auctor.odio@interdumliberodui.net,2676 Tincidunt St.,22,Non-Resident,7,Male
Imani,Hester,nibh.enim.gravida@idmollis.co.uk,2086 Turpis Street,32,Non-Resident,3,Female
Taylor,Guy,imperdiet.nec.leo@dignissimtempor.com,683-6788 Nunc Street,41,Resident,15,Female
Vanna,Mayer,Suspendisse@disparturient.ca,951-541 Egestas Rd.,40,Non-Resident,13,Female
Danielle,Fulton,Mauris.non@Nulla.edu,163-3023 Interdum. Rd.,65,Resident,14,Female
Illiana,Mcclure,arcu@interdumenim.edu,6806 Vel Street,54,Resident,16,Female
Beatrice,Riddle,sit@nulla.com,Ap #374-3122 Vel St.,31,Non-Resident,13,Female
Sebastian,Beasley,senectus.et@enimNuncut.net,474-3842 Morbi Avenue,35,Non-Resident,20,Male
Clio,Melton,odio.Nam.interdum@purus.org,1694 Ut Rd.,42,Resident,8,Female
Sara,Elliott,egestas.Duis.ac@nonlobortisquis.ca,Ap #962-6027 Nulla St.,18,Non-Resident,11,Female
Kamal,Livingston,mi.ac@disparturient.ca,8701 Mauris Street,53,Resident,3,Male
Adria,Blackburn,at@etpede.co.uk,"P.O. Box 270, 6909 Ultricies Road",31,Resident,19,Female
Buffy,Dawson,mus.Proin@elitelit.co.uk,2518 Tincidunt Rd.,55,Non-Resident,5,Female
Rosalyn,Shelton,fermentum@Phasellusat.org,2324 In Ave,34,Resident,9,Female
Cameron,Blanchard,Suspendisse@accumsanlaoreetipsum.com,199 Erat. Street,34,Resident,10,Male
Amanda,Glenn,blandit@idlibero.org,393-474 Elit Rd.,61,Resident,15,Female
Troy,Sparks,risus.Nunc@Fuscedolor.org,"P.O. Box 964, 3175 Quisque Ave",61,Non-Resident,9,Male
